{"name":"14185a24-80ce-4032-bd72-9b4d9a5e9916","id":"/providers/Microsoft.Flow/flows/14185a24-80ce-4032-bd72-9b4d9a5e9916","type":"Microsoft.Flow/flows","properties":{"apiId":"/providers/Microsoft.PowerApps/apis/shared_logicflows","displayName":"Job Application Flow","definition":{"metadata":{"workflowEntityId":null,"processAdvisorMetadata":null,"flowChargedByPaygo":null,"flowclientsuspensionreason":"NeverTriggeringDetected","flowclientsuspensiontime":"2024-05-17T09:57:08.7972951Z","flowclientsuspensionreasondetails":"Flow has not ran at all in the past 90 days. Disabled it on 9/8/2023 9:54:20 AM.","creator":{"id":"2f63acc4-f180-4c18-9705-7811e05820ff","type":"User","tenantId":"26b5cb73-2633-4706-91cd-0d1189efba0a"},"provisioningMethod":"FromDefinition","failureAlertSubscription":true,"clientLastModifiedTime":"2023-05-01T17:22:07.9801713Z","connectionKeySavedTimeKey":"2024-05-17T09:57:08.7972951Z"},"$schema":"https://schema.management.azure.com/providers/Microsoft.Logic/schemas/2016-06-01/workflowdefinition.json#","contentVersion":"1.0.0.0","parameters":{"$connections":{"defaultValue":{},"type":"Object"},"$authentication":{"defaultValue":{},"type":"SecureObject"}},"triggers":{"When_an_item_is_created_or_modified":{"recurrence":{"frequency":"Minute","interval":5},"splitOn":"@triggerOutputs()?['body/value']","metadata":{"operationMetadataId":"edb088d3-9ef7-4b20-9a67-1475f77d5582"},"type":"OpenApiConnection","inputs":{"host":{"apiId":"/providers/Microsoft.PowerApps/apis/shared_sharepointonline","connectionName":"shared_sharepointonline","operationId":"GetOnUpdatedItems"},"parameters":{"dataset":"https://8d8zly.sharepoint.com","table":"5724db32-0156-4df8-92be-6f971f0c4d24"},"authentication":"@parameters('$authentication')"}}},"actions":{"Get_file_properties":{"runAfter":{},"metadata":{"operationMetadataId":"41ad5544-0ddf-4617-94ef-59e73aae0d54"},"type":"OpenApiConnection","inputs":{"host":{"apiId":"/providers/Microsoft.PowerApps/apis/shared_sharepointonline","connectionName":"shared_sharepointonline","operationId":"GetFileItem"},"parameters":{"dataset":"https://8d8zly.sharepoint.com","table":"b449427c-b6b6-4ebb-90ef-85e2c9c2dfae","id":"@triggerOutputs()?['body/fileID']"},"authentication":"@parameters('$authentication')"}},"Get_file_content_using_path":{"runAfter":{"Get_file_properties":["Succeeded"]},"metadata":{"operationMetadataId":"9027bfd0-11fa-43cb-a06f-9044ff4e7ecd"},"type":"OpenApiConnection","inputs":{"host":{"apiId":"/providers/Microsoft.PowerApps/apis/shared_sharepointonline","connectionName":"shared_sharepointonline","operationId":"GetFileContentByPath"},"parameters":{"dataset":"https://8d8zly.sharepoint.com","path":"@outputs('Get_file_properties')?['body/{FullPath}']","inferContentType":true},"authentication":"@parameters('$authentication')"}},"Switch":{"runAfter":{"Get_file_content_using_path":["Succeeded"]},"cases":{"Case":{"case":"Submitted","actions":{"Send_an_email_(V2)":{"runAfter":{},"type":"OpenApiConnection","inputs":{"host":{"apiId":"/providers/Microsoft.PowerApps/apis/shared_office365","connectionName":"shared_office365","operationId":"SendEmailV2"},"parameters":{"emailMessage/To":"@triggerOutputs()?['body/E_x002d_Mail']","emailMessage/Subject":"Details of your Job Application","emailMessage/Body":"<p>Dear @{triggerOutputs()?['body/Name']},<br>\n<br>\nYour Job Application form has been submitted successfully. Here are the details of your application:<br>\n<br>\nName: @{triggerOutputs()?['body/Name']}<br>\n<br>\nPhone Number:@{triggerOutputs()?['body/PhoneNumber']}<br>\n<br>\nE-Mail:@{triggerOutputs()?['body/E_x002d_Mail']}<br>\n<br>\nFather's Name:@{triggerOutputs()?['body/FathersName']}<br>\n<br>\nAge:@{triggerOutputs()?['body/Age']}<br>\n<br>\nPrevious Years of experience:@{triggerOutputs()?['body/PreviousYearsofexperience']}<br>\n<br>\nPrevious Company Name:@{triggerOutputs()?['body/PreviousCompanyName']}<br>\n<br>\nDegree:@{triggerOutputs()?['body/Degree/Value']}<br>\n<br>\nCGPA:@{triggerOutputs()?['body/CGPA']}<br>\n<br>\nRole:@{triggerOutputs()?['body/Role/Value']}<br>\n<br>\nThe certificate file has been attached in the E-Mail.</p>","emailMessage/Attachments":[{"Name":"@outputs('Get_file_properties')?['body/{FilenameWithExtension}']","ContentBytes":"@body('Get_file_content_using_path')"}],"emailMessage/Importance":"Normal"},"authentication":"@parameters('$authentication')"}}}}},"default":{"actions":{}},"expression":"@triggerOutputs()?['body/Status']","metadata":{"operationMetadataId":"178457f3-635a-43a5-bb14-c4ba66b04bfc"},"type":"Switch"}}},"connectionReferences":{"shared_sharepointonline":{"connectionName":"98a6297a9a5d44f4bd67122f892d4670","source":"Embedded","id":"/providers/Microsoft.PowerApps/apis/shared_sharepointonline","tier":"NotSpecified"},"shared_office365":{"connectionName":"shared-office365-35751a71-4481-4ca2-a631-c4be1aa86d1e","source":"Embedded","id":"/providers/Microsoft.PowerApps/apis/shared_office365","tier":"NotSpecified"}},"flowFailureAlertSubscribed":false,"isManaged":false}}