{"schemaVersion":"1.0","appDefinitionTemplate":{"id":"/providers/Microsoft.PowerApps/apps/","type":"Microsoft.PowerApps/apps","tags":{"primaryDeviceWidth":"1366","primaryDeviceHeight":"768","supportsPortrait":"true","supportsLandscape":"true","primaryFormFactor":"Tablet","publisherVersion":"3.23042.12","minimumRequiredApiVersion":"2.2.0","hasComponent":"false","hasUnlockedComponent":"false","isUnifiedRootApp":"false","sienaVersion":"20230501T095304Z-3.23042.12.0"},"properties":{"appVersion":"2023-05-01T09:53:04Z","lifeCycleId":"Published","createdByClientVersion":{"major":3,"minor":23042,"build":12,"revision":0,"majorRevision":0,"minorRevision":0},"minClientVersion":{"major":3,"minor":23042,"build":12,"revision":0,"majorRevision":0,"minorRevision":0},"backgroundColor":"RGBA(0,176,240,1)","backgroundImageUri":"/244947971976197188/Ncfbae70c-4cee-4789-9576-b882929a9d1f-logoSmallFile","displayName":"Job Application","description":"","commitMessage":"","appUris":{"documentUri":{"value":"/244947971976197188/N4a88f0eb-8347-4da7-83b5-dc92e9a22686-document.msapp"},"imageUris":[],"additionalUris":[]},"createdTime":"0001-01-01T00:00:00Z","lastModifiedTime":"0001-01-01T00:00:00Z","sharedGroupsCount":0,"sharedUsersCount":0,"connectionReferences":{"4ef4cbf0-24b0-46c6-8ee9-b444fddc15ef":{"id":"13878569-dc71-4499-bb7d-e279d8ae4e19","displayName":"SharePoint","iconUri":"https://connectoricons-prod.azureedge.net/releases/v1.0.1627/1.0.1627.3238/sharepointonline/icon.png","dataSources":["Job Application","JA Resume Library"],"dependencies":[],"dependents":["6fea5623-c295-421e-aebf-c99a99910a72"],"parameterHints":{},"parameterHintsV2":{},"isOnPremiseConnection":false,"bypassConsent":false,"dataSets":{"https://8d8zly.sharepoint.com":{"dataSources":{"Job Application":{"tableName":"5724db32-0156-4df8-92be-6f971f0c4d24"},"JA Resume Library":{"tableName":"b449427c-b6b6-4ebb-90ef-85e2c9c2dfae"}}}},"apiTier":"Standard","isCustomApiConnection":false,"actions":["providers/PowerPlatform.Governance/Operations/Read"]},"6fea5623-c295-421e-aebf-c99a99910a72":{"id":"546bde86-c1cf-4745-827f-779b2c35b815","displayName":"Logic flows","iconUri":"https://connectoricons-prod.azureedge.net/releases/v1.0.1615/1.0.1615.3163/logicflows/icon.png","dataSources":["SaveFile"],"dependencies":["4ef4cbf0-24b0-46c6-8ee9-b444fddc15ef"],"dependents":[],"parameterHints":{"workflowName":{"value":"375e99e6-81eb-4643-8c2a-cf34fae089db"},"workflowEntityId":{},"4ef4cbf0-24b0-46c6-8ee9-b444fddc15ef":{"value":"shared_sharepointonline"}},"parameterHintsV2":{"workflowName":{"value":"375e99e6-81eb-4643-8c2a-cf34fae089db"},"workflowEntityId":{},"shared_sharepointonline":{"value":"4ef4cbf0-24b0-46c6-8ee9-b444fddc15ef"}},"isOnPremiseConnection":false,"bypassConsent":false,"dataSets":{},"apiTier":"Standard","isCustomApiConnection":false,"actions":["Run"],"nestedActions":[{"id":"/providers/Microsoft.PowerApps/apis/shared_sharepointonline/apiOperations/CreateFile","apiName":"SharePoint","actionName":"CreateFile","referencedResources":[{"key":"site","value":"https://8d8zly.sharepoint.com"}]},{"id":"/providers/Microsoft.PowerApps/apis/shared_sharepointonline/apiOperations/PatchFileItem","apiName":"SharePoint","actionName":"PatchFileItem","referencedResources":[{"key":"site","value":"https://8d8zly.sharepoint.com"},{"key":"list","value":"b449427c-b6b6-4ebb-90ef-85e2c9c2dfae"}]},{"id":"/providers/Microsoft.PowerApps/apis/shared_sharepointonline/apiOperations/PatchItem","apiName":"SharePoint","actionName":"PatchItem","referencedResources":[{"key":"site","value":"https://8d8zly.sharepoint.com"},{"key":"list","value":"5724db32-0156-4df8-92be-6f971f0c4d24"}]}]}},"databaseReferences":{},"almMode":"Environment","performanceOptimizationEnabled":true,"canConsumeAppPass":true,"enableModernRuntimeMode":false,"executionRestrictions":{"isTeamsOnly":false,"dataLossPreventionEvaluationResult":{"status":"Compliant","lastEvaluationDate":"2023-05-01T09:53:24.3710812Z","violations":[],"violationsByPolicy":[],"violationErrorMessage":"The app uses the following connectors: shared_sharepointonline, shared_logicflows."},"httpActionRestriction":{"appUsesSharepointHttpAction":false,"enforcementStrategy":"Legacy","evaluationTime":"2023-05-01T09:53:24.3709654Z"}}},"appType":"ClassicCanvasApp","appComponents":[]}}