{"name":"a56e21a1-1cbc-45d4-a794-63b2d8c4dddb","id":"/providers/Microsoft.Flow/flows/a56e21a1-1cbc-45d4-a794-63b2d8c4dddb","type":"Microsoft.Flow/flows","properties":{"apiId":"/providers/Microsoft.PowerApps/apis/shared_logicflows","displayName":"SaveFile","definition":{"metadata":{"workflowEntityId":null,"processAdvisorMetadata":null,"flowclientsuspensionreason":"None","flowclientsuspensiontime":null,"flowclientsuspensionreasondetails":null,"creator":{"id":"2f63acc4-f180-4c18-9705-7811e05820ff","type":"User","tenantId":"26b5cb73-2633-4706-91cd-0d1189efba0a"},"provisioningMethod":"FromDefinition","failureAlertSubscription":true,"clientLastModifiedTime":"2023-03-15T11:02:03.8440538Z"},"$schema":"https://schema.management.azure.com/providers/Microsoft.Logic/schemas/2016-06-01/workflowdefinition.json#","contentVersion":"1.0.0.0","parameters":{"$connections":{"defaultValue":{},"type":"Object"},"$authentication":{"defaultValue":{},"type":"SecureObject"}},"triggers":{"manual":{"metadata":{"operationMetadataId":"a295b7b9-c629-4465-97c2-84aa3dfe8894"},"type":"Request","kind":"PowerAppV2","inputs":{"schema":{"type":"object","properties":{"file":{"title":"File Content","type":"object","x-ms-dynamically-added":true,"description":"Please select file or image","x-ms-content-hint":"FILE","properties":{"name":{"type":"string"},"contentBytes":{"type":"string","format":"byte"}}},"number":{"title":"parentID","type":"number","x-ms-dynamically-added":true,"description":"Please enter a number","x-ms-content-hint":"NUMBER"}},"required":["number"]}}}},"actions":{"Create_file":{"runAfter":{},"metadata":{"operationMetadataId":"ff88db6c-c9ef-470a-a5e4-d0402126ffe9"},"type":"OpenApiConnection","inputs":{"host":{"apiId":"/providers/Microsoft.PowerApps/apis/shared_sharepointonline","connectionName":"shared_sharepointonline","operationId":"CreateFile"},"parameters":{"dataset":"https://8d8zly.sharepoint.com","folderPath":"/JA Resume Library","name":"@{concat('file_,',triggerBody()['number'])}_@{triggerBody()['file']['name']}","body":"@triggerBody()['file']['contentBytes']"},"authentication":{"value":"@json(decodeBase64(triggerOutputs().headers['X-MS-APIM-Tokens']))['$ConnectionKey']","type":"Raw"}},"runtimeConfiguration":{"contentTransfer":{"transferMode":"Chunked"}}},"Update_file_properties":{"runAfter":{"Create_file":["Succeeded"]},"metadata":{"operationMetadataId":"5a4fabf9-2c07-4c2c-b7c3-1cf64e89ce73"},"type":"OpenApiConnection","inputs":{"host":{"apiId":"/providers/Microsoft.PowerApps/apis/shared_sharepointonline","connectionName":"shared_sharepointonline","operationId":"PatchFileItem"},"parameters":{"dataset":"https://8d8zly.sharepoint.com","table":"b449427c-b6b6-4ebb-90ef-85e2c9c2dfae","id":"@outputs('Create_file')?['body/ItemId']","item/parentID":"@triggerBody()['number']"},"authentication":{"value":"@json(decodeBase64(triggerOutputs().headers['X-MS-APIM-Tokens']))['$ConnectionKey']","type":"Raw"}}},"Update_item":{"runAfter":{"Update_file_properties":["Succeeded"]},"metadata":{"operationMetadataId":"e7eb47e5-19b4-41e8-9c4e-0d28575139fa"},"type":"OpenApiConnection","inputs":{"host":{"apiId":"/providers/Microsoft.PowerApps/apis/shared_sharepointonline","connectionName":"shared_sharepointonline","operationId":"PatchItem"},"parameters":{"dataset":"https://8d8zly.sharepoint.com","table":"5724db32-0156-4df8-92be-6f971f0c4d24","id":"@triggerBody()['number']","item/fileID":"@outputs('Create_file')?['body/ItemId']"},"authentication":{"value":"@json(decodeBase64(triggerOutputs().headers['X-MS-APIM-Tokens']))['$ConnectionKey']","type":"Raw"}}},"Respond_to_a_PowerApp_or_flow":{"runAfter":{"Update_item":["Succeeded"]},"metadata":{"operationMetadataId":"ec383ebe-70fa-4ad2-806b-789a526dbcc2"},"type":"Response","kind":"PowerApp","inputs":{"statusCode":200,"body":{},"schema":{"type":"object","properties":{}}}}},"outputs":{}},"connectionReferences":{"shared_sharepointonline":{"connectionName":"98a6297a9a5d44f4bd67122f892d4670","source":"Invoker","id":"/providers/Microsoft.PowerApps/apis/shared_sharepointonline","tier":"NotSpecified"}},"flowFailureAlertSubscribed":false,"isManaged":false}}